slug	name	summary
faith	Faith	Trusting God and responding to his word with perseverance and action.
prayer	Prayer	Bringing requests, gratitude and distress to God while learning to listen and persevere.
worship	Worship	Recognizing who God is and directing our lives toward serving him.
fasting	Fasting	Seeking God through abstaining from food, without display and alongside justice.
obedience	Obedience	Listening to God's word and putting it into practice.
gratitude	Gratitude	Recognizing God's gifts and cultivating thanksgiving.
trust	Trust in God	Entrusting our path to God and seeking direction amid uncertainty.
seeking-god	Seeking God	Turning toward God sincerely and with a willingness to listen.
word-of-god	God's word	Receiving, reflecting on and practicing Scripture as guidance for life.
guidance	God's guidance	Seeking wisdom for decisions and recognizing the limits of our plans.
anxiety	Anxiety	Bringing worries to God and learning to live one day at a time.
fear	Fear	Finding courage and support in God amid danger and insecurity.
suffering	Suffering	Making room for lament and hope without reducing pain to easy explanations.
grief	Grief	Expressing the pain of loss and receiving comfort and hope.
hope	Hope	Waiting with perseverance for God's care and promises.
peace	Peace	Seeking reconciliation and receiving the peace Jesus announces.
joy	Joy	Celebrating God's goodness and finding reasons for joy amid difficulties.
loneliness	Loneliness	Expressing abandonment and finding care in God and community.
anger	Anger	Recognizing anger and responding without feeding violence or resentment.
weariness	Weariness	Recognizing our limits and receiving rest and renewal.
love	Love	Loving God and our neighbors through care, commitment and service.
forgiveness	Forgiveness	Receiving God's forgiveness and responding to wrongs without revenge.
friendship	Friendship	Cultivating loyalty, presence and mutual care.
marriage	Marriage	Exploring marital commitment, faithfulness and mutual care.
family	Family	Learning about care, responsibilities and passing on faith across generations.
children	Children	Recognizing children's dignity and the responsibility to welcome them.
reconciliation	Reconciliation	Seeking to restore relationships with truth, responsibility and peace.
hospitality	Hospitality	Welcoming people and sharing life and available resources.
enemies	Love for enemies	Responding to hostility without revenge and seeking our opponents' good.
speech	Words and communication	Speaking truthfully and carefully, with a willingness to listen.
wisdom	Wisdom	Discerning how to live, decide and act before God.
humility	Humility	Recognizing our limits and considering the good of others.
patience	Patience	Learning to wait and treat others with perseverance and gentleness.
integrity	Integrity	Keeping words and actions consistent, even when it costs something.
self-control	Self-control	Directing desires and reactions toward responsibility and love.
courage	Courage	Acting faithfully in situations of fear, opposition or risk.
gentleness	Gentleness	Treating people firmly and carefully, without arrogance or aggression.
faithfulness	Faithfulness	Persevering in commitment to God and entrusted responsibilities.
temptation	Temptation	Recognizing temptation and seeking help to resist evil.
envy	Envy	Examining comparison and resentment while cultivating contentment and love.
work	Work	Working responsibly and considering the dignity and limits of work.
money	Money	Examining our relationship with possessions, financial security and neighbors.
generosity	Generosity	Sharing resources willingly, responsibly and attentively to others' needs.
justice	Justice	Acting fairly and defending people exposed to oppression and exploitation.
rest	Rest	Making time to rest, worship and recognize that life is more than production.
contentment	Contentment	Learning to live without making material abundance the measure of life.
poverty	Poverty and care	Recognizing material needs and acting with compassion and justice.
stewardship	Stewardship	Caring for the possessions, abilities and responsibilities entrusted to us.
planning	Plans and decisions	Planning with prudence, humility and attention to consequences.
creation-care	Care for creation	Recognizing creation as God's work and reflecting on human responsibility.
grace	Grace	Receiving God's favor as a gift that transforms how we live.
salvation	Salvation	Exploring how Scripture presents God's action to save and restore.
repentance	Repentance	Recognizing sin and turning toward God with a change of direction.
sin	Sin	Examining our broken relationship with God and neighbors and the need for forgiveness.
covenant	Covenant	Following God's commitments and promises throughout the biblical narrative.
kingdom	Kingdom of God	Exploring Jesus' announcement of God's reign and its implications.
holy-spirit	Holy Spirit	Reading passages about the Spirit's presence, work and gifts.
creation	Creation	Contemplating God as creator and humanity's place in his work.
redemption	Redemption	Following the language of liberation and rescue in God's work.
holiness	Holiness	Exploring the call to belong to God and live consistently with that relationship.
service	Service	Putting abilities and resources at the service of our neighbors.
unity	Unity	Cultivating fellowship while recognizing diverse gifts and responsibilities.
fellowship	Fellowship	Sharing faith, life and mutual care in community.
mission	Mission	Participating in proclaiming the gospel and bearing witness to Jesus.
spiritual-gifts	Spiritual gifts	Understanding gifts as ways to serve and build up the community.
leadership	Leadership	Taking responsibility for others through example, service and care.
church	Church	Exploring biblical images of the community gathered around Christ.
baptism	Baptism	Reading accounts and teachings about baptism in their contexts.
lords-supper	Lord's Supper	Remembering Jesus' self-giving and reflecting on fellowship and responsibility at the table.
mutual-care	Mutual care	Supporting one another through presence, encouragement and practical help.
resurrection	Resurrection	Exploring testimony about Jesus' resurrection and the hope it grounds.
eternal-life	Eternal life	Reading Jesus' teaching about life received from God.
death	Death	Facing human mortality and God's promises in the face of death.
judgment	Judgment	Reflecting on responsibility, justice and accountability before God.
return-of-christ	Return of Christ	Exploring promises of Jesus' return and the call to watchfulness.
new-creation	New creation	Discovering biblical images of renewal, restoration and God's presence.
watchfulness	Watchfulness	Living attentively and faithfully while awaiting God's promises.
perseverance	Perseverance	Continuing in faith through difficulty, sustained by hope.
inheritance	Inheritance in Christ	Exploring the language of inheritance and belonging in God's promises.
god-with-us	God with us	Following the promise of God's presence with his people.
