category	slug	name	summary	passages
with-god	faith	Fé	Confiar em Deus e responder à sua palavra com perseverança e ações.	Heb 11:1-16;Mark 9:14-29;Jas 2:14-26
with-god	prayer	Oração	Apresentar a Deus pedidos, gratidão e angústias, aprendendo a ouvir e perseverar.	Matt 6:5-15;Luke 11:1-13;Phil 4:4-9
with-god	worship	Adoração	Reconhecer quem Deus é e orientar a vida para servi-lo.	John 4:19-26;Ps 95:1-11;Rom 12:1-2
with-god	fasting	Jejum	Abster-se de alimento como prática de busca de Deus, sem ostentação e junto à justiça.	Matt 6:16-18;Isa 58:1-12;Acts 13:1-3
with-god	obedience	Obediência	Ouvir a palavra de Deus e colocá-la em prática.	Deut 6:1-9;John 14:15-24;Jas 1:19-27
with-god	gratitude	Gratidão	Reconhecer as dádivas de Deus e cultivar ações de graças.	Luke 17:11-19;Ps 103:1-14;1Thess 5:16-18
with-god	trust	Confiança em Deus	Entregar a Deus o caminho e buscar sua direção diante da incerteza.	Prov 3:1-8;Ps 56:1-13;Matt 6:25-34
with-god	seeking-god	Buscar a Deus	Voltar o coração para Deus com sinceridade e disposição para ouvi-lo.	Isa 55:1-13;Ps 63:1-8;Matt 7:7-12
with-god	word-of-god	Palavra de Deus	Receber, meditar e praticar as Escrituras como orientação para a vida.	Ps 119:9-16;2Tim 3:14-17;Luke 8:4-15
with-god	guidance	Direção de Deus	Buscar sabedoria para decidir e reconhecer os limites dos próprios planos.	Jas 1:5-8;Prov 16:1-9;Acts 16:6-10
emotions	anxiety	Ansiedade	Levar as preocupações a Deus e aprender a viver um dia de cada vez.	Matt 6:25-34;Phil 4:4-9;1Pet 5:6-11
emotions	fear	Medo	Encontrar coragem e amparo em Deus em meio ao perigo e à insegurança.	Ps 27:1-14;Mark 4:35-41;Isa 41:8-13
emotions	suffering	Sofrimento	Dar espaço ao lamento e à esperança diante da dor, sem reduzir suas causas a respostas fáceis.	Job 2:1-13;Ps 13:1-6;Rom 8:18-27
emotions	grief	Luto	Expressar a dor da perda e acolher consolo e esperança.	John 11:17-44;Ps 34:15-22;1Thess 4:13-18
emotions	hope	Esperança	Aguardar com perseverança o cuidado e as promessas de Deus.	Lam 3:19-33;Rom 5:1-5;Rom 15:4-13
emotions	peace	Paz	Buscar reconciliação e receber a paz anunciada por Jesus.	John 14:25-31;Phil 4:4-9;Rom 12:14-21
emotions	joy	Alegria	Celebrar a bondade de Deus e encontrar motivos de alegria mesmo em dificuldades.	Ps 16:1-11;John 15:1-17;Phil 4:4-9
emotions	loneliness	Solidão	Expressar o sentimento de abandono e encontrar cuidado em Deus e na comunidade.	Ps 25:15-22;1Kgs 19:1-18;2Tim 4:9-18
emotions	anger	Ira	Reconhecer a raiva e responder sem alimentar violência e ressentimento.	Jas 1:19-21;Eph 4:25-32;Prov 15:1-4
emotions	weariness	Cansaço	Reconhecer os próprios limites e receber descanso e renovação.	Matt 11:25-30;Isa 40:27-31;Mark 6:30-32
relationships	love	Amor	Amar a Deus e ao próximo por meio de cuidado, compromisso e serviço.	Matt 22:34-40;1Cor 13:1-13;1John 4:7-21
relationships	forgiveness	Perdão	Receber o perdão de Deus e lidar com as ofensas sem cultivar vingança.	Matt 18:21-35;Col 3:12-17;Ps 32:1-11
relationships	friendship	Amizade	Cultivar lealdade, presença e cuidado mútuo.	1Sam 20:12-17;Prov 17:17-17;John 15:9-17
relationships	marriage	Casamento	Explorar o compromisso conjugal, a fidelidade e o cuidado entre os cônjuges.	Gen 2:18-25;Mark 10:2-12;Eph 5:21-33
relationships	family	Família	Aprender sobre cuidado, responsabilidades e transmissão da fé entre gerações.	Deut 6:4-9;Eph 6:1-4;2Tim 1:3-7
relationships	children	Crianças	Reconhecer a dignidade das crianças e a responsabilidade de acolhê-las.	Mark 10:13-16;Matt 18:1-6;Deut 6:4-9
relationships	reconciliation	Reconciliação	Procurar restaurar relações com verdade, responsabilidade e paz.	Matt 5:21-26;2Cor 5:16-21;Phlm 1:8-21
relationships	hospitality	Hospitalidade	Acolher pessoas e compartilhar a vida e os recursos disponíveis.	Gen 18:1-8;Rom 12:9-13;Heb 13:1-3
relationships	enemies	Amor aos inimigos	Responder à hostilidade sem vingança e buscar o bem de quem se opõe a nós.	Matt 5:38-48;Luke 6:27-36;Rom 12:14-21
relationships	speech	Palavras e comunicação	Usar a fala com verdade, cuidado e disposição para ouvir.	Jas 3:1-12;Eph 4:25-32;Prov 15:1-4
character	wisdom	Sabedoria	Discernir como viver, decidir e agir diante de Deus.	Prov 2:1-15;Jas 3:13-18;1Kgs 3:5-14
character	humility	Humildade	Reconhecer os próprios limites e considerar o bem dos outros.	Phil 2:1-11;Luke 18:9-14;Jas 4:6-10
character	patience	Paciência	Aprender a esperar e tratar outras pessoas com perseverança e mansidão.	Jas 5:7-11;Col 3:12-17;Rom 12:9-12
character	integrity	Integridade	Manter coerência entre palavras e ações, inclusive quando isso custa algo.	Ps 15:1-5;Dan 6:1-10;Prov 11:1-3
character	self-control	Domínio próprio	Orientar desejos e reações para uma vida de responsabilidade e amor.	Gal 5:16-26;Titus 2:11-14;1Cor 9:24-27
character	courage	Coragem	Agir com fidelidade em situações de medo, oposição ou risco.	Josh 1:1-9;Dan 3:13-18;Acts 4:13-31
character	gentleness	Mansidão	Tratar as pessoas com firmeza e cuidado, sem arrogância ou agressão.	Matt 11:28-30;Gal 6:1-5;2Tim 2:22-26
character	faithfulness	Fidelidade	Persistir no compromisso com Deus e nas responsabilidades recebidas.	Luke 16:10-13;Matt 25:14-30;Rev 2:8-11
character	temptation	Tentação	Reconhecer as tentações e buscar auxílio para resistir ao mal.	Matt 4:1-11;Jas 1:12-18;1Cor 10:1-13
character	envy	Inveja	Examinar a comparação e o ressentimento, cultivando contentamento e amor.	Ps 73:1-28;Jas 3:13-18;Gal 5:19-26
daily-life	work	Trabalho	Realizar o trabalho com responsabilidade e considerar sua dignidade e seus limites.	Gen 2:15-17;Col 3:22-25;2Thess 3:6-13
daily-life	money	Dinheiro	Examinar a relação com os bens, a segurança financeira e o próximo.	Matt 6:19-24;Luke 12:13-21;1Tim 6:6-19
daily-life	generosity	Generosidade	Compartilhar recursos com disposição, responsabilidade e atenção às necessidades.	2Cor 8:1-15;2Cor 9:6-15;Mark 12:41-44
daily-life	justice	Justiça	Agir com equidade e defender pessoas expostas à opressão e à exploração.	Mic 6:6-8;Isa 1:10-20;Jas 2:1-13
daily-life	rest	Descanso	Reservar tempo para repousar, adorar e reconhecer que a vida não se resume à produção.	Exod 20:8-11;Mark 2:23-28;Heb 4:1-11
daily-life	contentment	Contentamento	Aprender a viver sem fazer da abundância material a medida da vida.	Phil 4:10-13;1Tim 6:6-10;Heb 13:5-6
daily-life	poverty	Pobreza e cuidado	Reconhecer necessidades materiais e agir com compaixão e justiça.	Deut 15:7-11;Luke 10:25-37;Jas 2:14-17
daily-life	stewardship	Administração dos recursos	Cuidar dos bens, capacidades e responsabilidades que nos são confiados.	Gen 2:15-17;Luke 16:1-13;1Pet 4:7-11
daily-life	planning	Planos e decisões	Planejar com prudência, humildade e atenção às consequências.	Luke 14:25-33;Jas 4:13-17;Prov 16:1-9
daily-life	creation-care	Cuidado com a criação	Reconhecer a criação como obra de Deus e refletir sobre a responsabilidade humana.	Gen 1:26-31;Gen 2:15-17;Ps 24:1-6
foundations	grace	Graça	Receber o favor de Deus como dádiva que transforma a maneira de viver.	Eph 2:1-10;Titus 2:11-14;Rom 3:21-26
foundations	salvation	Salvação	Explorar como as Escrituras apresentam a ação de Deus para salvar e restaurar.	John 3:14-21;Eph 2:1-10;Titus 3:3-7
foundations	repentance	Arrependimento	Reconhecer o pecado e voltar-se para Deus com mudança de direção.	Luke 15:11-32;Acts 2:37-41;Ps 51:1-17
foundations	sin	Pecado	Examinar a ruptura com Deus e com o próximo e a necessidade de perdão.	Gen 3:1-24;Rom 3:9-26;1John 1:5-10
foundations	covenant	Aliança	Acompanhar os compromissos e promessas de Deus ao longo da narrativa bíblica.	Gen 15:1-21;Exod 24:1-11;Jer 31:31-34
foundations	kingdom	Reino de Deus	Explorar o anúncio de Jesus sobre o reinado de Deus e suas implicações.	Mark 1:14-15;Matt 13:31-46;Luke 17:20-21
foundations	holy-spirit	Espírito Santo	Conhecer as passagens sobre a presença, a ação e os dons do Espírito.	John 14:15-27;Acts 2:1-21;Gal 5:16-26
foundations	creation	Criação	Contemplar Deus como criador e o lugar da humanidade em sua obra.	Gen 1:1-31;Ps 104:1-35;John 1:1-5
foundations	redemption	Redenção	Acompanhar a linguagem de libertação e resgate na obra de Deus.	Exod 6:2-8;Eph 1:3-14;1Pet 1:17-21
foundations	holiness	Santidade	Explorar o chamado para pertencer a Deus e viver de modo coerente com esse vínculo.	Lev 19:1-18;1Pet 1:13-25;Rom 12:1-2
community	service	Serviço	Colocar capacidades e recursos a serviço do próximo.	Mark 10:35-45;John 13:1-17;1Pet 4:7-11
community	unity	Unidade	Cultivar comunhão sem ignorar a diversidade de dons e responsabilidades.	John 17:20-26;Eph 4:1-16;1Cor 12:12-27
community	fellowship	Comunhão	Compartilhar a fé, a vida e o cuidado mútuo na comunidade.	Acts 2:42-47;Heb 10:19-25;1John 1:1-7
community	mission	Missão	Participar do anúncio do evangelho e do testemunho sobre Jesus.	Matt 28:16-20;Acts 1:6-11;Rom 10:9-17
community	spiritual-gifts	Dons espirituais	Compreender os dons como meios de servir e edificar a comunidade.	1Cor 12:1-11;Rom 12:3-8;1Pet 4:7-11
community	leadership	Liderança	Exercer responsabilidade sobre outras pessoas com exemplo, serviço e cuidado.	Mark 10:35-45;1Pet 5:1-4;1Tim 3:1-13
community	church	Igreja	Explorar as imagens bíblicas da comunidade reunida em torno de Cristo.	Acts 2:42-47;Eph 2:11-22;1Cor 12:12-27
community	baptism	Batismo	Ler os relatos e ensinos sobre o batismo em seus contextos.	Matt 3:13-17;Acts 2:37-41;Rom 6:1-14
community	lords-supper	Ceia do Senhor	Recordar a entrega de Jesus e refletir sobre comunhão e responsabilidade à mesa.	Luke 22:14-20;1Cor 10:14-22;1Cor 11:17-34
community	mutual-care	Cuidado mútuo	Sustentar uns aos outros com presença, encorajamento e ajuda concreta.	Gal 6:1-10;1Thess 5:12-15;Jas 5:13-20
eternity	resurrection	Ressurreição	Explorar o testemunho sobre a ressurreição de Jesus e a esperança que ela fundamenta.	Luke 24:1-12;1Cor 15:1-28;John 11:17-27
eternity	eternal-life	Vida eterna	Ler o ensino de Jesus sobre a vida recebida de Deus.	John 3:14-21;John 17:1-5;1John 5:9-13
eternity	death	Morte	Encarar a finitude humana e as promessas de Deus diante da morte.	Ps 90:1-17;1Cor 15:50-58;Heb 2:14-18
eternity	judgment	Juízo	Refletir sobre responsabilidade, justiça e prestação de contas diante de Deus.	Matt 25:31-46;Rom 2:1-16;Rev 20:11-15
eternity	return-of-christ	Volta de Cristo	Explorar as promessas da volta de Jesus e o chamado à vigilância.	Acts 1:6-11;Matt 24:36-44;1Thess 4:13-18
eternity	new-creation	Nova criação	Conhecer as imagens bíblicas de renovação, restauração e presença de Deus.	Isa 65:17-25;Rom 8:18-25;Rev 21:1-8
eternity	watchfulness	Vigilância	Viver com atenção e fidelidade enquanto se aguarda o cumprimento das promessas.	Matt 25:1-13;Mark 13:32-37;1Thess 5:1-11
eternity	perseverance	Perseverança	Prosseguir na fé diante das dificuldades, sustentado pela esperança.	Heb 12:1-13;Jas 1:2-12;Rev 2:8-11
eternity	inheritance	Herança em Cristo	Explorar a linguagem de herança e pertencimento nas promessas de Deus.	1Pet 1:3-9;Rom 8:14-25;Eph 1:3-14
eternity	god-with-us	Deus conosco	Acompanhar a promessa da presença de Deus com seu povo.	Exod 29:43-46;John 1:14-18;Rev 21:1-8
